num_unique,mean_fitness,median_fitness,std_fitness,max_fitness,mean_diversity,mean_novelty,median_novelty,source_path
128,0.7346278277691454,0.818737268447876,0.2460819743950197,1.008424162864685,2.6364419291338583,6.515625,7.0,/home/gridsan/akirjner/protein_design/GGS/ckpt/GFP/mutations_7/percentile_0.1_0.3/smoothed/predictor/samples/IE_17/seed_4.csv
128,0.7161705009639263,0.8047070503234863,0.25372065487678663,1.008424162864685,2.6183562992125986,6.5546875,7.0,/home/gridsan/akirjner/protein_design/GGS/ckpt/GFP/mutations_7/percentile_0.1_0.3/smoothed/predictor/samples/IE_17/seed_3.csv
128,0.7501972909085453,0.8253156542778015,0.23736989077093437,1.0102248191833496,2.654773622047244,6.546875,7.0,/home/gridsan/akirjner/protein_design/GGS/ckpt/GFP/mutations_7/percentile_0.1_0.3/smoothed/predictor/samples/IE_17/seed_2.csv
128,0.7226067400770262,0.8203172087669373,0.26221748282821344,1.0102248191833496,2.598794291338583,6.5390625,7.0,/home/gridsan/akirjner/protein_design/GGS/ckpt/GFP/mutations_7/percentile_0.1_0.3/smoothed/predictor/samples/IE_17/seed_5.csv
128,0.7167225071461871,0.8073966205120087,0.25576804210296433,1.008424162864685,2.6348425196850394,6.5390625,7.0,/home/gridsan/akirjner/protein_design/GGS/ckpt/GFP/mutations_7/percentile_0.1_0.3/smoothed/predictor/samples/IE_17/seed_1.csv
