num_unique,mean_fitness,median_fitness,std_fitness,max_fitness,mean_diversity,mean_novelty,median_novelty,source_path
128,0.7182919987826608,0.8102141320705414,0.266144064786339,1.0102248191833496,2.6154035433070866,6.5234375,7.0,/home/gridsan/akirjner/protein_design/GGS/ckpt//GFP/mutations_7/percentile_0.1_0.3/smoothed/predictor/samples/IE_20/seed_4.csv
128,0.7201976128853858,0.8203172087669373,0.25921795984234164,1.008424162864685,2.5497047244094486,6.53125,7.0,/home/gridsan/akirjner/protein_design/GGS/ckpt//GFP/mutations_7/percentile_0.1_0.3/smoothed/predictor/samples/IE_20/seed_3.csv
128,0.7200559894554317,0.8073966205120087,0.25819520375932953,1.0102248191833496,2.5981791338582676,6.5234375,7.0,/home/gridsan/akirjner/protein_design/GGS/ckpt//GFP/mutations_7/percentile_0.1_0.3/smoothed/predictor/samples/IE_20/seed_2.csv
128,0.741967344773002,0.8253156542778015,0.24189461373336793,1.0102248191833496,2.670890748031496,6.59375,7.0,/home/gridsan/akirjner/protein_design/GGS/ckpt//GFP/mutations_7/percentile_0.1_0.3/smoothed/predictor/samples/IE_20/seed_5.csv
128,0.7397029778221622,0.8298367857933044,0.24297688997985833,1.008424162864685,2.643700787401575,6.5546875,7.0,/home/gridsan/akirjner/protein_design/GGS/ckpt//GFP/mutations_7/percentile_0.1_0.3/smoothed/predictor/samples/IE_20/seed_1.csv
